{
	"info": {
		"_postman_id": "fcaeedfc-1e18-473e-b42f-47cbc3754034",
		"name": "rest-api-node",
		"schema": "https://schema.getpostman.com/json/collection/v2.1.0/collection.json"
	},
	"item": [
		{
			"name": "Create Post",
			"request": {
				"method": "POST",
				"header": [],
				"body": {
					"mode": "formdata",
					"formdata": [
						{
							"key": "description",
							"value": "my second post",
							"type": "text"
						},
						{
							"key": "image",
							"type": "file",
							"src": ""
						}
					]
				},
				"url": {
					"raw": "localhost:8000/api/post",
					"host": [
						"localhost"
					],
					"port": "8000",
					"path": [
						"api",
						"post"
					]
				}
			},
			"response": []
		},
		{
			"name": "Index Post",
			"request": {
				"method": "GET",
				"header": [],
				"body": {
					"mode": "raw",
					"raw": ""
				},
				"url": {
					"raw": "localhost:8000/api/post",
					"host": [
						"localhost"
					],
					"port": "8000",
					"path": [
						"api",
						"post"
					]
				}
			},
			"response": []
		},
		{
			"name": "Show Post",
			"request": {
				"method": "GET",
				"header": [],
				"body": {
					"mode": "raw",
					"raw": ""
				},
				"url": {
					"raw": "localhost:8000/api/post/5c9c803a9335de1fb8a6fc0e",
					"host": [
						"localhost"
					],
					"port": "8000",
					"path": [
						"api",
						"post",
						"5c9c803a9335de1fb8a6fc0e"
					]
				}
			},
			"response": []
		},
		{
			"name": "Update Post",
			"request": {
				"method": "PATCH",
				"header": [
					{
						"key": "Content-Type",
						"name": "Content-Type",
						"value": "application/json",
						"type": "text"
					}
				],
				"body": {
					"mode": "raw",
					"raw": "{\n\t\"description\": \"my second post updated\"\n}"
				},
				"url": {
					"raw": "localhost:8000/api/post/5c9c803a9335de1fb8a6fc0e",
					"host": [
						"localhost"
					],
					"port": "8000",
					"path": [
						"api",
						"post",
						"5c9c803a9335de1fb8a6fc0e"
					]
				}
			},
			"response": []
		},
		{
			"name": "Delete Post",
			"request": {
				"method": "DELETE",
				"header": [],
				"body": {
					"mode": "raw",
					"raw": ""
				},
				"url": {
					"raw": "localhost:8000/api/post/5c9c803a9335de1fb8a6fc0e",
					"host": [
						"localhost"
					],
					"port": "8000",
					"path": [
						"api",
						"post",
						"5c9c803a9335de1fb8a6fc0e"
					]
				}
			},
			"response": []
		}
	]
}