{
	"info": {
		"_postman_id": "fcaeedfc-1e18-473e-b42f-47cbc3754034",
		"name": "rest-api-node",
		"schema": "https://schema.getpostman.com/json/collection/v2.1.0/collection.json"
	},
	"item": [
		{
			"name": "Create Post",
			"request": {
				"method": "POST",
				"header": [
					{
						"key": "Authorization",
						"value": "Bearer eyJ0eXAiOiJKV1QiLCJhbGciOiJIUzI1NiJ9.eyJpZCI6IjVjOWUwMWNkOWQxOWMxMjY4ZDBkOGQ4YSJ9.L-VItROWMKunOdqaYRqcS2mEigtr1Gb2UtLv4hkXOfw",
						"type": "text"
					}
				],
				"body": {
					"mode": "formdata",
					"formdata": [
						{
							"key": "description",
							"value": "post from user 3",
							"type": "text"
						},
						{
							"key": "image",
							"type": "file",
							"src": ""
						}
					]
				},
				"url": {
					"raw": "localhost:8000/api/post",
					"host": [
						"localhost"
					],
					"port": "8000",
					"path": [
						"api",
						"post"
					]
				}
			},
			"response": []
		},
		{
			"name": "Index Post",
			"request": {
				"method": "GET",
				"header": [
					{
						"key": "Authorization",
						"value": "Bearer eyJ0eXAiOiJKV1QiLCJhbGciOiJIUzI1NiJ9.eyJpZCI6IjVjOWUwMWI4OWQxOWMxMjY4ZDBkOGQ4OCJ9.CgqueKkp_sPpCqbgol6Bw6K3bPUU3acPmvT_xeW8xek",
						"type": "text"
					}
				],
				"body": {
					"mode": "raw",
					"raw": ""
				},
				"url": {
					"raw": "localhost:8000/api/post",
					"host": [
						"localhost"
					],
					"port": "8000",
					"path": [
						"api",
						"post"
					]
				}
			},
			"response": []
		},
		{
			"name": "Show Post",
			"request": {
				"method": "GET",
				"header": [
					{
						"key": "Authorization",
						"value": "Bearer eyJ0eXAiOiJKV1QiLCJhbGciOiJIUzI1NiJ9.eyJpZCI6IjVjOWUwMWI4OWQxOWMxMjY4ZDBkOGQ4OCJ9.CgqueKkp_sPpCqbgol6Bw6K3bPUU3acPmvT_xeW8xek",
						"type": "text"
					}
				],
				"body": {
					"mode": "raw",
					"raw": ""
				},
				"url": {
					"raw": "localhost:8000/api/post/5c9e02a39d19c1268d0d8d8c",
					"host": [
						"localhost"
					],
					"port": "8000",
					"path": [
						"api",
						"post",
						"5c9e02a39d19c1268d0d8d8c"
					]
				}
			},
			"response": []
		},
		{
			"name": "Update Post",
			"request": {
				"method": "PATCH",
				"header": [
					{
						"key": "Content-Type",
						"name": "Content-Type",
						"value": "application/json",
						"type": "text"
					},
					{
						"key": "Authorization",
						"value": "Bearer eyJ0eXAiOiJKV1QiLCJhbGciOiJIUzI1NiJ9.eyJpZCI6IjVjOWRjYzA2NjM4MzYyMmVlYmEzNzI4NyJ9.bR6Uh3fyhYfxomDQ2BVZ_4xTaYXW3LMN9PCnlrI6kYM",
						"type": "text"
					}
				],
				"body": {
					"mode": "raw",
					"raw": "{\n\t\"description\": \"my second post updated\"\n}"
				},
				"url": {
					"raw": "localhost:8000/api/post/5c9dce9a7bfb943206c694d6",
					"host": [
						"localhost"
					],
					"port": "8000",
					"path": [
						"api",
						"post",
						"5c9dce9a7bfb943206c694d6"
					]
				}
			},
			"response": []
		},
		{
			"name": "Delete Post",
			"request": {
				"method": "DELETE",
				"header": [
					{
						"key": "Authorization",
						"value": "Bearer eyJ0eXAiOiJKV1QiLCJhbGciOiJIUzI1NiJ9.eyJpZCI6IjVjOWRjYzA2NjM4MzYyMmVlYmEzNzI4NyJ9.bR6Uh3fyhYfxomDQ2BVZ_4xTaYXW3LMN9PCnlrI6kYM",
						"type": "text"
					}
				],
				"body": {
					"mode": "raw",
					"raw": ""
				},
				"url": {
					"raw": "localhost:8000/api/post/5c9c803a9335de1fb8a6fc0e",
					"host": [
						"localhost"
					],
					"port": "8000",
					"path": [
						"api",
						"post",
						"5c9c803a9335de1fb8a6fc0e"
					]
				}
			},
			"response": []
		},
		{
			"name": "SIGNUP auth",
			"request": {
				"method": "POST",
				"header": [
					{
						"key": "Content-Type",
						"name": "Content-Type",
						"value": "application/json",
						"type": "text"
					}
				],
				"body": {
					"mode": "raw",
					"raw": "{\n\t\"name\": \"User 3\",\n\t\"email\": \"user3@user.com\",\n\t\"password\": \"myPassword\"\n}"
				},
				"url": {
					"raw": "localhost:8000/api/auth/signup",
					"host": [
						"localhost"
					],
					"port": "8000",
					"path": [
						"api",
						"auth",
						"signup"
					]
				}
			},
			"response": []
		},
		{
			"name": "LOGIN auth",
			"request": {
				"method": "POST",
				"header": [
					{
						"key": "Content-Type",
						"name": "Content-Type",
						"value": "application/json",
						"type": "text"
					}
				],
				"body": {
					"mode": "raw",
					"raw": "{\n\t\"email\": \"user1@user.com\",\n\t\"password\": \"myPassword\"\n}"
				},
				"url": {
					"raw": "localhost:8000/api/auth/login",
					"host": [
						"localhost"
					],
					"port": "8000",
					"path": [
						"api",
						"auth",
						"login"
					]
				}
			},
			"response": []
		},
		{
			"name": "ME AUTH",
			"request": {
				"method": "GET",
				"header": [
					{
						"key": "Authorization",
						"value": "Bearer eyJ0eXAiOiJKV1QiLCJhbGciOiJIUzI1NiJ9.eyJpZCI6IjVjOWRjYzA2NjM4MzYyMmVlYmEzNzI4NyJ9.bR6Uh3fyhYfxomDQ2BVZ_4xTaYXW3LMN9PCnlrI6kYM",
						"type": "text"
					}
				],
				"body": {
					"mode": "raw",
					"raw": ""
				},
				"url": {
					"raw": "localhost:8000/api/auth/me",
					"host": [
						"localhost"
					],
					"port": "8000",
					"path": [
						"api",
						"auth",
						"me"
					]
				}
			},
			"response": []
		},
		{
			"name": "Follow",
			"request": {
				"method": "POST",
				"header": [
					{
						"key": "Authorization",
						"value": "Bearer eyJ0eXAiOiJKV1QiLCJhbGciOiJIUzI1NiJ9.eyJpZCI6IjVjOWUwMWI4OWQxOWMxMjY4ZDBkOGQ4OCJ9.CgqueKkp_sPpCqbgol6Bw6K3bPUU3acPmvT_xeW8xek",
						"type": "text"
					}
				],
				"body": {
					"mode": "raw",
					"raw": ""
				},
				"url": {
					"raw": "localhost:8000/api/follow/5c9e01c39d19c1268d0d8d89",
					"host": [
						"localhost"
					],
					"port": "8000",
					"path": [
						"api",
						"follow",
						"5c9e01c39d19c1268d0d8d89"
					]
				}
			},
			"response": []
		}
	]
}